2.980443434629131527e+00,5.880249438005988871e-01,3.035073510138803221e-01,8.820306165821075739e-01,3.111912033628598806e-01,8.258858039528631512e-01,1.049301459606584608e+00,3.440729853538753713e-01,1.846693105994770212e+00,2.065781374047304997e+00,8.534905370713187223e-01,6.561674235609058492e-01,8.339878045142387064e-01,4.718787671131658423e-01,2.456853510405441199e-01,5.525952795030273368e-01,1.378596055946767152e+00,2.620668189454298247e-01,1.188363326488544314e-01
2.427668286219489602e+00,7.353346713753681207e-01,2.543617811412126617e-01,9.046384306716664936e-01,3.273482760742781883e-01,3.199749333655472761e-01,9.793811789175317362e-01,2.997460917496878596e-01,3.742432726752035754e-01,2.073373999367788212e+00,8.597759482506756035e-01,1.424736434127771290e+00,7.301470684213009488e-01,3.971415479740733057e-01,2.564442852064037770e-01,4.856905541833163586e-01,1.217360079423459585e+00,2.672169288138478427e-01,1.094359367881544143e-01
3.875176343845852500e+01,1.500935657960506433e+03,-6.657721222437786024e-02,6.996001324280589984e+01,1.957761381051837361e+03,-5.506819548056579583e-02,5.082915431259509376e+01,8.073759150380377605e+02,-6.130716290578663852e-02,3.221257240978901137e+01,2.075299642489829068e+02,-1.598803112753477418e-02,7.220287712227836607e+01,4.043201520163854212e+01,1.968495791481332802e+01,1.556694442880776208e+01,8.688745700145459239e+01,1.109756604909323663e+01,3.340166820148562810e+00
3.875984764558415918e+01,1.500531841364904494e+03,-6.663335599167907741e-02,6.995193436602821180e+01,1.957309248495165775e+03,-5.501115265609984872e-02,5.083328775139025879e+01,8.075072323761180542e+02,-6.128644127253384671e-02,3.220737259790798390e+01,2.074629699298854177e+02,-1.618875269023289931e-02,7.218580830215192634e+01,4.043092693947364324e+01,1.968276397483031204e+01,1.556932038122573658e+01,8.689254814435116714e+01,1.114053157606926270e+01,3.346522218192642839e+00
3.083316956257506902e+00,5.365504639531301079e-01,3.761278155728360884e-01,8.506250774724810615e-01,2.894252089696388031e-01,1.389714868675975046e+00,9.824573104562303039e-01,3.016319896450740945e-01,1.454547988844782980e+00,1.891984013762700201e+00,7.159207016666535583e-01,7.711019841524615615e-01,8.562741009184807739e-01,4.780009656819448893e-01,2.341171880178630760e-01,5.304718004097227491e-01,1.309617326542807936e+00,2.589024605050933570e-01,1.232508383705699373e-01
2.562534470410914977e+00,6.642434650166203491e-01,2.143750971440845920e-01,8.290231179292373298e-01,2.749117320065979087e-01,5.197921484099951028e-01,8.993486616291951341e-01,2.527587547386880851e-01,3.912252212186534961e-01,1.746707876365213075e+00,6.101976810710860732e-01,1.556593784176654616e+00,7.549417721520995661e-01,3.721624068897342319e-01,2.357227743575058543e-01,4.417282913438668190e-01,1.112083496268528648e+00,2.318734596266341097e-01,1.081251976839727041e-01
3.861971162224578080e+01,1.490795606521325226e+03,-6.843528176172564148e-02,6.985373817625975335e+01,1.951817893527437946e+03,-5.431077293503461245e-02,4.851247098716889639e+01,7.354562003965218082e+02,-5.771364200728897054e-02,3.223008676208648637e+01,2.077556985380196011e+02,-1.457570724151580066e-02,7.151218848083487956e+01,4.039173188616738486e+01,1.964340322544401474e+01,1.548319203533458577e+01,8.659776393600692757e+01,1.034945528363896372e+01,3.350999002006750160e+00
3.862817274426588909e+01,1.490144275076835129e+03,-6.850963343725362253e-02,6.984345515153356132e+01,1.951243289654743194e+03,-5.426125323173741632e-02,4.851187548322222653e+01,7.354381446521006183e+02,-5.774132830215333162e-02,3.223622710231686028e+01,2.078348675581574696e+02,-1.484980310599381959e-02,7.149509513590413690e+01,4.038645210678787834e+01,1.964054239422904047e+01,1.548271352955215363e+01,8.660204341605503942e+01,1.039968630160007201e+01,3.357237509558955946e+00
3.040721164566465795e+00,5.375424078340088618e-01,3.047671600455906238e-01,8.649510192325553515e-01,2.992561062652080994e-01,1.173171613395749269e+00,9.778015954342782479e-01,2.987799875104866221e-01,8.645872874538359509e-01,1.873833820486551227e+00,7.022506373597541263e-01,5.246413837707573080e-01,8.780907439031888639e-01,4.936574892316202834e-01,2.382135823359859683e-01,5.322626076833051334e-01,1.302639425924499106e+00,2.635466189949958737e-01,1.249920272192928811e-01
2.554594781949812266e+00,6.788881191202691401e-01,2.020474628618393609e-01,8.676402807160846775e-01,3.011198626854131866e-01,5.129940145898848058e-01,9.089279919542083697e-01,2.581719045492996689e-01,4.554301502866195950e-01,1.808478258731769373e+00,6.541187224596186622e-01,1.462299802324105613e+00,7.602237218959694287e-01,3.947336893257679113e-01,2.473310368038898754e-01,4.489335453339484694e-01,1.129138102159673807e+00,2.282417261511148210e-01,1.109624456336864989e-01
3.871319440245923715e+01,1.497395696224873973e+03,-6.583889678317711436e-02,6.983140304366644102e+01,1.950569939703208547e+03,-5.509843471230357892e-02,4.960931962171842002e+01,7.690889354112861156e+02,-5.913297521041976229e-02,3.219112969812046998e+01,2.072537662470268742e+02,-1.861096501088388422e-02,7.332431601966233359e+01,4.028762074506468593e+01,1.963809191704426382e+01,1.548205127956835270e+01,8.665245817138183781e+01,1.261556818072745401e+01,3.352943334025076272e+00
3.872369893011268260e+01,1.496979584401421789e+03,-6.592433301546098134e-02,6.983112369445876766e+01,1.950554333852299806e+03,-5.512304707861642727e-02,4.961189271036396065e+01,7.691687182159636222e+02,-5.914359155205017871e-02,3.220095210504275940e+01,2.073802632931267169e+02,-1.892386135917922818e-02,7.331513364916004605e+01,4.027948836733906290e+01,1.963802172114412414e+01,1.548047921043496267e+01,8.665498119048926640e+01,1.268040283888094599e+01,3.358810393892813995e+00
2.997440469149152076e+00,5.259786514676701996e-01,3.416233938841201079e-01,8.967580557751295700e-01,3.216700042369723400e-01,4.231808851389331494e+00,9.800462107515304222e-01,3.001533047524372888e-01,4.685726928872521180e-01,1.880560183490230131e+00,7.073013207457483631e-01,5.353392905244118705e-01,8.649058050174189827e-01,4.747313453875704470e-01,2.444124896634049249e-01,5.348313352120257491e-01,1.317965177853594572e+00,3.024305746947589801e-01,1.221828695776905893e-01
2.511260454784076668e+00,6.662967603315692600e-01,1.879618049016986425e-01,9.003617770490793815e-01,3.242605317761292349e-01,3.744840091003280858e-01,9.160948530480321761e-01,2.622593061808032311e-01,3.164777004758504986e-01,1.832312232350058911e+00,6.714736233637622620e-01,9.522679346044204962e-01,7.651280961260876756e-01,3.926080807978905018e-01,2.561926207598902439e-01,4.542865963973956589e-01,1.134688549935606527e+00,2.036438598622203333e-01,1.095418316060985803e-01
3.864994124035972334e+01,1.493033604661227173e+03,-6.714231446423268856e-02,6.968592182084232434e+01,1.942451079996686531e+03,-5.546914039625272519e-02,4.965682798459940983e+01,7.705626767162774513e+02,-5.965804224369839620e-02,3.237403388841602236e+01,2.096156140414315985e+02,-1.821159601606803236e-02,7.251034150178240623e+01,4.024237549390043256e+01,1.959584647304046001e+01,1.548826459295071700e+01,8.670645412311239397e+01,1.117049092785117637e+01,3.389262423114503875e+00
3.865738162215898654e+01,1.492717298303103007e+03,-6.718869528121637624e-02,6.967888060718871657e+01,1.942058561056506278e+03,-5.543797390194737940e-02,4.965772344253237236e+01,7.705904679671963322e+02,-5.966118801481972572e-02,3.238475475394498915e+01,2.097544680944000675e+02,-1.849598548730391201e-02,7.249571847972359251e+01,4.024202466978965731e+01,1.959380199369381970e+01,1.548911183224966059e+01,8.671227447775191877e+01,1.121005379751950315e+01,3.394607227385252113e+00
2.928893431576630846e+00,5.473402200762927938e-01,3.217462344069585978e-01,8.788966495990776506e-01,3.089837282638820959e-01,1.874901929595623962e+00,9.790231318484222678e-01,2.995269664666627141e-01,7.527840226223325715e-01,1.945324230606123583e+00,7.568572724366605664e-01,1.032769152356464826e+00,8.697447830207707398e-01,4.757704563853852320e-01,2.459011422381013334e-01,5.136437233962599658e-01,1.343667238264327768e+00,2.852840086080251636e-01,1.217844500479695613e-01
2.536177707666503078e+00,6.890037179976856718e-01,2.751445405307230696e-01,8.874934369247160504e-01,3.150578402164350145e-01,5.076181515555050483e-01,9.101319713189728322e-01,2.588563141268179768e-01,3.447219380009404199e-01,1.935403555276863807e+00,7.491573843554363288e-01,1.759779069185217981e+00,7.447848055787393839e-01,4.047180269468111380e-01,2.519380369743222103e-01,4.522747643563690967e-01,1.153949128896951670e+00,2.512563173589923426e-01,1.127903119038001084e-01
3.850124297109748284e+01,1.481291294096496358e+03,-6.720833441389373331e-02,6.969820665169262952e+01,1.943136001974458622e+03,-5.520987992798986888e-02,5.000343411377527048e+01,7.813573197302150675e+02,-6.044927241470219453e-02,3.227930881350710735e+01,2.083907554926217927e+02,-1.192420515670844505e-02,7.126146184568956699e+01,4.008833212357544795e+01,1.960429589310010812e+01,1.552474609932560057e+01,8.659651912460141432e+01,1.079534164441050770e+01,3.311983070571298260e+00
3.850636432309550372e+01,1.480723424488265209e+03,-6.725652097936268836e-02,6.968444670750614023e+01,1.942368842995728301e+03,-5.523511610017312057e-02,5.000449569872125721e+01,7.813904968892330771e+02,-6.038439080982343360e-02,3.227650310321480021e+01,2.083545305117134205e+02,-1.205255388880233092e-02,7.124083205199728752e+01,4.008463140590089324e+01,1.960056400388717179e+01,1.552541156092198804e+01,8.659990293565925867e+01,1.084121445669721240e+01,3.317025870480198257e+00
3.018287249684191487e+00,5.306056265171520403e-01,2.778363318917447811e-01,8.562579830667599312e-01,2.932710934246727241e-01,7.029245394378540457e-01,9.834184320398990931e-01,3.022224413928464304e-01,1.436459417032150077e+00,1.912864615432964266e+00,7.318102073948986597e-01,8.406363010579103179e-01,8.554668601003979633e-01,4.788704550728780096e-01,2.414851924885098033e-01,5.056814363673070023e-01,1.327334239334740928e+00,2.759965064626122011e-01,1.202194150139137274e-01
2.530341590309112654e+00,6.909253274794699973e-01,2.515728101433001851e-01,8.956677960040603237e-01,3.208883202837198301e-01,4.536497804755559304e-01,9.212878309752996486e-01,2.652410210939370461e-01,3.601728411249148221e-01,1.954800616561318538e+00,7.642490901016842919e-01,9.426799474323008798e-01,7.482740681022533868e-01,4.002974273898450841e-01,2.543412885681026192e-01,4.581989186619407906e-01,1.164064756237007225e+00,2.548040513362727633e-01,1.103576437237577118e-01
3.854928790485222123e+01,1.485319016492035644e+03,-6.735272293156442658e-02,6.976009322402958901e+01,1.946588239945729811e+03,-5.465074518677232041e-02,4.981152398106628709e+01,7.753712254027516337e+02,-5.933751227553610286e-02,3.220324866178822276e+01,2.074098448742671223e+02,-1.981056591512664333e-02,7.178328529154829596e+01,4.043747161428103709e+01,1.961630280061611842e+01,1.547711522067856649e+01,8.667660004880994506e+01,1.126359332038560446e+01,3.296719260905133453e+00
3.855609074449665030e+01,1.485003891099939892e+03,-6.744428831823924553e-02,6.975822795579338731e+01,1.946484144347029314e+03,-5.464041752632564641e-02,4.980849040677316708e+01,7.752767864293024331e+02,-5.934561949558214700e-02,3.219667390511034455e+01,2.073251621101426281e+02,-2.001734982046254885e-02,7.177836035632356015e+01,4.043534081967479921e+01,1.961582069398821204e+01,1.547723851144779594e+01,8.667943836934544777e+01,1.131071573749433412e+01,3.301149010517133053e+00
2.940143747101588989e+00,5.329751975352278182e-01,2.699155644885795624e-01,8.469526121577697353e-01,2.869314908936868580e-01,6.038908564662693879e-01,9.831129595470706750e-01,3.020347159962291084e-01,1.354409439793146097e+00,1.896309488810343558e+00,7.191979354672557445e-01,4.354732629490296603e-01,8.571396572019446269e-01,4.828145831049295289e-01,2.385136885955902730e-01,5.066346122046481160e-01,1.305078172257427838e+00,2.667198249799348497e-01,1.205223971744418671e-01
2.503250601775991679e+00,7.515873778247477155e-01,2.354754580854070134e-01,8.946283009176936307e-01,3.201439187156184807e-01,3.617340417572770805e-01,9.336614835680346891e-01,2.724136768357875993e-01,4.376061944822760563e-01,1.983925614242043611e+00,7.871921685690117521e-01,1.243169830004375642e+00,7.515260024243528569e-01,3.911960093824605189e-01,2.543951794726130311e-01,4.654415647503838405e-01,1.156863081731435372e+00,2.580691007043535157e-01,1.118086688318062211e-01
3.851472804438937203e+01,1.482028939469827719e+03,-6.915680537981536147e-02,6.987151231040499511e+01,1.952811290337300306e+03,-5.488131778557753249e-02,4.932865628782914769e+01,7.604113534883445027e+02,-5.796702434867442855e-02,3.214876186768541544e+01,2.067085779249741222e+02,-8.239843705821425779e-03,7.158511161921605037e+01,4.025462833888093428e+01,1.965495741788111772e+01,1.559685932467983527e+01,8.664782342000202675e+01,1.049290244066453148e+01,3.296409246198329868e+00
3.852594229425015016e+01,1.481592458826138682e+03,-6.914948276160658158e-02,6.985758047846547925e+01,1.952032617438111629e+03,-5.492016218772755032e-02,4.933704206370786949e+01,7.606699123737241734e+02,-5.797396776226931142e-02,3.216383751325611939e+01,2.069024887157762862e+02,-8.696698893613352688e-03,7.156935797585143177e+01,4.025376638450709521e+01,1.965069006874270841e+01,1.559868007931664913e+01,8.665004700496434964e+01,1.054566832702320944e+01,3.303834235652626461e+00
2.937330884234675921e+00,5.422042002828098006e-01,5.604506629895122938e-01,8.517364719492251934e-01,2.901820070587275424e-01,6.900713601426911037e-01,1.018999823650132530e+00,3.244877001793982085e-01,3.486657821920513989e+00,1.911047110552002604e+00,7.304202117490241619e-01,8.547589950666207859e-01,8.633628750517990946e-01,4.641541825016813894e-01,2.394344997103013128e-01,5.282365867867100384e-01,1.323318012182575831e+00,2.901523488888528290e-01,1.242342136941567005e-01
2.618420142922470717e+00,7.439793966543146730e-01,2.731375994322456369e-01,9.048852871877977044e-01,3.275269531870044770e-01,4.031945564939234394e-01,9.464841009936056926e-01,2.799475479476153938e-01,4.007339428346040622e-01,2.082250408149976195e+00,8.671533524475056876e-01,1.996958688680420924e+00,7.516133988047921655e-01,3.999870546485891354e-01,2.572091100373000150e-01,4.643036990436347766e-01,1.195760575466184195e+00,2.641102474390634725e-01,1.133707996423243963e-01
4.039230623243317808e+01,1.628934172769150337e+03,-5.971684755412225154e-02,7.191282692141335531e+01,2.068581870331305709e+03,-4.415558488678877902e-02,5.090551774896696458e+01,8.098036678657472294e+02,-6.021940759935016235e-02,3.249124926530934232e+01,2.111362557524388137e+02,-1.745913399880194561e-02,8.067867193659995451e+01,4.180119886599676704e+01,2.022296325182106713e+01,1.591446525664930434e+01,8.815511107409669478e+01,1.351830929696145134e+01,4.029213874925684280e+00
4.040298703976903738e+01,1.628413387158767819e+03,-5.974267614074713073e-02,7.191064286706615860e+01,2.068456223021421465e+03,-4.421980203645986540e-02,5.090774349367750062e+01,8.098744835927299164e+02,-6.021667703384943338e-02,3.249786421916557089e+01,2.112222357494216567e+02,-1.712294002725656128e-02,8.065787813178589261e+01,4.179400357051589054e+01,2.022270677662381999e+01,1.591634402119615821e+01,8.816195108808906866e+01,1.353405997961970542e+01,4.032611024585968984e+00
3.015421340216215995e+00,5.185290900059400521e-01,4.366834840985691635e-01,8.486396642606364171e-01,2.880757118476089951e-01,1.071249553923422360e+00,1.016078386683994639e+00,3.226297774644600880e-01,4.265802534169728766e+00,1.905622967979523352e+00,7.262797792164893407e-01,4.400332697475379806e-01,8.478341763722578861e-01,4.708357848765792886e-01,2.371194098030028063e-01,5.349754050172667030e-01,1.291375036879870875e+00,2.680416992751854521e-01,1.217303240964227595e-01
2.580835049666311498e+00,7.961601917209260026e-01,2.423813379116174782e-01,8.876235856705995131e-01,3.151502519059098395e-01,3.984233177809287652e-01,9.263984809544623111e-01,2.681919204730863759e-01,2.427657093910625952e-01,2.048137825117645860e+00,8.389737101352477966e-01,1.757177236691879418e+00,7.457065368304200970e-01,4.002783423002935770e-01,2.519455581212444173e-01,4.520090701957447110e-01,1.180181562533466177e+00,2.454502563691817185e-01,1.147339685074207777e-01
3.850867371040398268e+01,1.482119390284593692e+03,-6.778641682312833150e-02,6.997116896786046425e+01,1.958385794691538649e+03,-5.494313826435009984e-02,4.926730404687869935e+01,7.585210150067475752e+02,-5.841827781651028062e-02,3.205997098141148172e+01,2.055683478649675067e+02,-1.504625669171599789e-02,7.215188171164574271e+01,4.043687932256202799e+01,1.969087413473692294e+01,1.549662496736453043e+01,8.660211675757186356e+01,1.151608595017911618e+01,3.293882055146804433e+00
3.851928260495081702e+01,1.481749001107854383e+03,-6.782633933612799981e-02,6.996723130876023333e+01,1.958165382805371109e+03,-5.497011802281775994e-02,4.926845155084421179e+01,7.585563494347561573e+02,-5.840248883962839699e-02,3.205330743496994472e+01,2.054829035032890090e+02,-1.447250366139674060e-02,7.213779081026092399e+01,4.043098953660896910e+01,1.968997409234517093e+01,1.549409460824619167e+01,8.660350759702335210e+01,1.159494442757800670e+01,3.302111039006537130e+00
2.968462348789098204e+00,5.558483238633749046e-01,3.708476942723640257e-01,8.541240623159734868e-01,2.918111655086279566e-01,7.005311147671231531e-01,1.014742651591585609e+00,3.217820777982107749e-01,2.029044092385523967e+00,1.904539575011419128e+00,7.254541985553172312e-01,5.816333836978972993e-01,8.676991356551575496e-01,4.791817871696901210e-01,2.396363193872685371e-01,5.251707120337657519e-01,1.344570926982653347e+00,2.765864366254091600e-01,1.227666373093139751e-01
2.604162097261478515e+00,7.510771302479892775e-01,2.366906447050721451e-01,9.220971883004310810e-01,3.401052898481052855e-01,6.682260480203570108e-01,9.320899259628641076e-01,2.714973844004530124e-01,2.384740776157814324e-01,2.010467541726195684e+00,8.083959472664968837e-01,1.583606754011549267e+00,7.405631016964164814e-01,4.007649751341412214e-01,2.626678572273332124e-01,4.553631664622968533e-01,1.176431197129603312e+00,2.755460793358535110e-01,1.110117407761228026e-01
3.855166841213537055e+01,1.485177991130584132e+03,-6.965843283534099706e-02,6.978987251810441705e+01,1.948250522290013123e+03,-5.435494731523538015e-02,4.873225596241579893e+01,7.421352409957529517e+02,-5.670866692721517055e-02,3.221546925420079788e+01,2.075672918525356181e+02,-1.400616374509666695e-02,7.219572395549268151e+01,4.036079571481908346e+01,1.962877988261596585e+01,1.555009941895508518e+01,8.648611284484972828e+01,1.058881197173081290e+01,3.311432597443736636e+00
3.855811588547064162e+01,1.484720867606425600e+03,-6.969777439663030205e-02,6.979390679622522953e+01,1.948475770199330555e+03,-5.437803939551233423e-02,4.873619321835747087e+01,7.422551654428331176e+02,-5.670549459456446922e-02,3.221249300952365502e+01,2.075289411766881074e+02,-1.380770345033432989e-02,7.217150612110869190e+01,4.035834279302045502e+01,1.962998605790010131e+01,1.555230906839536686e+01,8.648814432493482229e+01,1.062856677251459558e+01,3.315062081092307267e+00
2.959285697622179967e+00,5.249500882877261576e-01,2.257596201222841770e-01,8.424646295902954440e-01,2.838986607988844835e-01,5.312925127177996476e-01,9.598531722609865424e-01,2.879119100930501163e-01,4.428587327888193759e-01,1.919909789067701933e+00,7.372107196310296873e-01,4.891195452700030089e-01,8.514693564628966760e-01,4.790851593083407800e-01,2.362448950408691795e-01,4.938706299137423095e-01,1.336156441081941537e+00,2.424095294704404768e-01,1.196879446900377258e-01
2.524519379906723149e+00,7.015558809755796377e-01,2.672706638685251601e-01,9.028312100764949166e-01,3.260416775552187896e-01,6.173062010940022493e-01,9.380174596282988553e-01,2.749614858022799702e-01,2.724087415926880751e-01,2.033791002499376610e+00,8.272611683677879579e-01,1.899995144768259259e+00,7.431252029178777585e-01,4.011175402473748930e-01,2.564546960112090157e-01,4.567855861069095025e-01,1.185918943511815593e+00,2.489408511649150169e-01,1.119892228336258760e-01
3.862239075192360360e+01,1.490618335774687239e+03,-6.561008926931988228e-02,7.001750335570042694e+01,1.960980310465256025e+03,-5.603852268297282446e-02,4.901690094702670564e+01,7.508301807657696827e+02,-5.763003035378053834e-02,3.232748643221827933e+01,2.090132758047736274e+02,-1.306122029114376026e-02,7.241971657926364969e+01,4.028617723034566467e+01,1.969641182204433250e+01,1.550467694352096970e+01,8.664429918807321940e+01,1.210956754333794905e+01,3.311024990788009603e+00
3.862616029985868948e+01,1.490153020048438975e+03,-6.564784604985533789e-02,7.001383301358633560e+01,1.960774725300692353e+03,-5.609599063089959481e-02,4.901903201018156864e+01,7.508954685046852546e+02,-5.762390128833327907e-02,3.232046631812631432e+01,2.089225086038860013e+02,-1.363800214171262404e-02,7.239381396376275291e+01,4.028297261972712562e+01,1.969528141167711865e+01,1.550479248036777236e+01,8.664869572548808208e+01,1.215013193371506084e+01,3.315732002988262206e+00
2.981974558151220478e+00,5.344673867852731686e-01,2.884030219395667949e-01,8.566089769933287190e-01,2.935115757678399273e-01,5.957731111306318050e-01,9.868171370388668651e-01,3.043150193604899911e-01,5.713477633256991428e-01,1.899376757903738167e+00,7.215264136928595251e-01,6.759948130974511304e-01,8.615164545203323199e-01,4.746589512410558931e-01,2.382671456127466725e-01,5.123421197146906803e-01,1.315923690307318594e+00,2.459833120792359884e-01,1.213847703209311873e-01
2.535830452132075141e+00,7.479397441051708340e-01,3.268403921400703793e-01,8.994880342855510191e-01,3.236314895207848541e-01,3.605546736258723461e-01,9.156865271746350565e-01,2.620255675103213000e-01,2.583647796867354351e-01,2.088749443148648410e+00,8.725748472502909969e-01,2.095861272652447482e+00,7.562874702615451916e-01,4.093796324464590852e-01,2.551243000804371830e-01,4.470934991552610316e-01,1.195019987052319710e+00,2.883653178161850184e-01,1.171422451277181753e-01
3.871620450754632259e+01,1.497470504464730311e+03,-6.859916464308979389e-02,6.983366932715161113e+01,1.950696548514153619e+03,-5.578620158687574992e-02,4.986396987630854483e+01,7.770048411805718160e+02,-5.935841241469824031e-02,3.212099416742266556e+01,2.063516532581855074e+02,-1.017162359525125570e-02,7.235305153168272341e+01,4.039213100504737497e+01,1.965395128603083208e+01,1.544371428302591198e+01,8.685058016884424603e+01,1.071961620807729432e+01,3.357061239085570747e+00
3.872388131615562656e+01,1.497011229002073151e+03,-6.866679531060100594e-02,6.982616029680968950e+01,1.950277064562755186e+03,-5.583348469335608355e-02,4.986860093234732005e+01,7.771491746564061032e+02,-5.937334572699057983e-02,3.212225299278549784e+01,2.063678274639950416e+02,-1.066624800900417558e-02,7.234093513899173900e+01,4.038696405682119206e+01,1.965192164645198503e+01,1.544592433187571068e+01,8.685331937582088813e+01,1.074611363659736440e+01,3.362566193277485738e+00
2.936407721194679077e+00,5.468797571809363989e-01,3.063412574814117217e-01,8.435076149361728781e-01,2.846020385817787934e-01,5.390098567259145046e-01,9.843600165484504005e-01,3.028014506753475277e-01,7.093449524211005164e-01,1.918643328586502772e+00,7.362384444651217663e-01,6.595031218274511886e-01,8.958808824658558434e-01,4.840073191991448587e-01,2.357652638900584741e-01,5.061977167614388762e-01,1.343967595417087324e+00,2.984760148463327933e-01,1.241078875615783811e-01
2.547660676349591480e+00,7.249016239333282430e-01,4.080641945973741969e-01,9.034233325736855669e-01,3.264694871045923374e-01,5.250299444220167810e-01,9.405057936755445436e-01,2.764222337296131093e-01,3.194215548382640657e-01,2.037822633734348798e+00,8.305442173115081816e-01,2.047721702201674709e+00,7.537090046531325083e-01,3.907511081860539637e-01,2.571049901136459592e-01,4.583477341915194736e-01,1.197820213399059419e+00,3.292606918910865321e-01,1.173115346184464142e-01
3.862664684400770199e+01,1.490457149228301205e+03,-6.813306886513736949e-02,6.970423550906474475e+01,1.943472179151338878e+03,-5.277205542717838815e-02,4.896668636681204134e+01,7.492926167844015026e+02,-5.705399509618596515e-02,3.216655396271185907e+01,2.069374387665346831e+02,-1.674541557216036036e-02,7.211216514133504063e+01,4.021772182400907525e+01,1.961433014680270759e+01,1.546870244806093275e+01,8.670330001113316598e+01,1.160997180011409036e+01,3.324314651984751290e+00
3.863303043559035643e+01,1.490072613119203652e+03,-6.816938930142554809e-02,6.969872243371791853e+01,1.943164763545211372e+03,-5.273581018144007926e-02,4.897348523606187598e+01,7.495007050413389607e+02,-5.700382577750384705e-02,3.217404078670889334e+01,2.070337801084391174e+02,-1.699579142240781326e-02,7.210082313767715334e+01,4.020985170694370225e+01,1.961300538701296503e+01,1.546902056960497340e+01,8.670689876229559445e+01,1.164734534625644535e+01,3.328426971614967034e+00
2.992927266087166416e+00,5.410749288676212077e-01,3.058972248211146994e-01,8.490437889643501768e-01,2.883501422315460361e-01,5.349673021926806271e-01,1.003028846623186254e+00,3.143958959865977287e-01,6.645959515802077888e-01,1.941447750329088784e+00,7.538438734495819249e-01,7.561841332498904222e-01,8.830032813644670409e-01,4.806154004346621100e-01,2.386497603736505435e-01,5.145857797114748999e-01,1.347355983613247599e+00,2.726385343971747255e-01,1.229766590474294236e-01
2.487166742308574818e+00,7.350991294082465100e-01,2.936646639176276330e-01,9.181337651595976590e-01,3.371878442660785624e-01,4.322435355669144164e-01,9.459291382590562236e-01,2.796193545623104071e-01,3.016349539880093800e-01,2.084661865946140225e+00,8.691630190654255905e-01,1.765231588452650602e+00,7.499346068174924662e-01,3.986787419374608898e-01,2.608277425278563988e-01,4.627839315487969896e-01,1.209067489005752449e+00,2.708520370391928056e-01,1.148416500661224998e-01
3.858580737236817981e+01,1.487808834167353325e+03,-7.038903584382801004e-02,6.982768119938950235e+01,1.950362022227700209e+03,-5.634077854250618689e-02,4.911352163304695040e+01,7.537931272486599710e+02,-5.874499469655330292e-02,3.213432055118339292e+01,2.065229114572412641e+02,-1.505521644676022230e-02,7.244377116751695667e+01,4.029804907069292597e+01,1.965099795248793768e+01,1.543399309258882823e+01,8.672688352069715734e+01,1.089432959732935480e+01,3.303587296349079772e+00
3.859757656416323357e+01,1.487463502853680438e+03,-7.044674825687266551e-02,6.982609435714543622e+01,1.950273378867248766e+03,-5.632808080590218092e-02,4.911247186408602516e+01,7.537609039365000854e+02,-5.872320825276076267e-02,3.212542361241698785e+01,2.064085684554471811e+02,-1.478329815210588372e-02,7.242986258813047584e+01,4.029503281193912301e+01,1.965033114639568979e+01,1.543475673890718269e+01,8.672884662681387624e+01,1.095098105817700329e+01,3.311171754038023884e+00
2.990634107746554804e+00,5.120040638845650971e-01,3.378267980321065234e-01,8.371326338110098852e-01,2.803164186283461090e-01,5.171551718152751498e-01,1.013540875101354377e+00,3.210203454642115428e-01,1.682473969696711480e+00,1.890593760679905477e+00,7.148689535841906695e-01,5.837865848242522748e-01,8.757003295216092553e-01,4.742035036285871530e-01,2.355426475856114699e-01,5.231103083178082480e-01,1.300833027551383747e+00,2.228003618646151873e-01,1.240981499073393057e-01
2.484226164478407828e+00,7.307394971167028297e-01,2.951153853541609307e-01,9.119404766298629950e-01,3.326541731442915761e-01,3.252916000487852122e-01,9.612976204833757476e-01,2.887790984820347573e-01,4.067497513749357418e-01,2.057644298155267393e+00,8.467800115460992760e-01,2.212359967381078096e+00,7.645409632720175930e-01,3.914194455418459895e-01,2.591359609685466858e-01,4.710493245744737933e-01,1.196252108393906832e+00,2.707336156836377405e-01,1.154202661005302999e-01
3.869218585684019018e+01,1.495879319626450751e+03,-6.815703793269480004e-02,6.985722726954901418e+01,1.952012877979561154e+03,-5.483842152392220948e-02,4.989701563651203742e+01,7.780350529323134197e+02,-5.980025316805788471e-02,3.220575467600558994e+01,2.074421268468142046e+02,-1.888637790587333054e-02,7.190899547804961855e+01,4.010207308014686589e+01,1.964645860206118755e+01,1.554171065118580586e+01,8.676139979913214972e+01,1.134424460200757778e+01,3.331219343058025029e+00
3.869689995101401081e+01,1.495433333425456340e+03,-6.821929170474728965e-02,6.985130197150705555e+01,1.951681752118043050e+03,-5.487431433336026343e-02,4.989867940719055639e+01,7.780869395421797208e+02,-5.973946827831638079e-02,3.220632620318065875e+01,2.074494894977408990e+02,-1.912914791106823387e-02,7.188804526869922995e+01,4.009761179038000023e+01,1.964502961442871509e+01,1.554081043749510549e+01,8.676757930347997672e+01,1.137459197430307611e+01,3.334006969611362337e+00
2.955938584268187341e+00,5.616236812671268064e-01,1.164543164080459103e+00,9.156869668198699408e-01,3.353930484247703014e-01,8.309684131824377928e+00,1.017868164709001988e+00,3.237673752273785288e-01,1.879611723330599338e+00,1.943671370404939980e+00,7.555716792262483494e-01,1.352703086578312508e+00,8.733139964901640573e-01,4.667347396281020244e-01,2.484519733770354788e-01,5.690915086307917203e-01,1.342511242573225294e+00,3.417921649568061437e-01,1.304550807600241003e-01
2.584090013924654983e+00,7.517856508017063399e-01,3.327661042730880037e-01,9.263549685319658611e-01,3.432534110352188361e-01,5.331715438391358974e-01,9.508995512951078366e-01,2.825656114517647866e-01,3.585229088365898820e-01,2.042438090586018440e+00,8.343106707717637960e-01,1.687722344747579317e+00,7.604446888206716215e-01,4.021364158872144379e-01,2.637687407197517597e-01,4.701106627059155052e-01,1.184959077442298447e+00,2.993161642326400140e-01,1.177887074318708788e-01
3.866471173724367105e+01,1.494024960714379176e+03,-6.849085682171274225e-02,6.969059962799629204e+01,1.942711870568896984e+03,-5.477596343547519453e-02,4.976348487858300729e+01,7.738763835189980682e+02,-5.957105484265783762e-02,3.210035176011805191e+01,2.060865166246506703e+02,-1.166896268018635663e-02,7.229148210086357551e+01,4.035975208902866029e+01,1.960335604769875673e+01,1.544606329329694461e+01,8.696509096766973812e+01,1.044300793187175636e+01,3.336880274378394517e+00
3.867366489134769836e+01,1.493685311753800988e+03,-6.854631164095524587e-02,6.968647624971272592e+01,1.942481988805172023e+03,-5.478411346150452443e-02,4.976599932760595379e+01,7.739545903359338581e+02,-5.960908747367268945e-02,3.209856240137668237e+01,2.060635416469951622e+02,-1.199417690175963447e-02,7.228590522997423307e+01,4.035734295078867717e+01,1.960217323205712958e+01,1.544607802236485128e+01,8.696913332887206138e+01,1.049040197897286752e+01,3.342444001065048464e+00
3.012662709368754577e+00,5.098838489051781275e-01,3.734850938743424775e-01,8.493369535189948527e-01,2.885493042426094390e-01,1.063052694411237065e+00,9.875198243347247384e-01,3.047485635781322921e-01,1.515966283896078792e+00,1.867109784983065790e+00,6.972197898346328415e-01,5.085195195300113991e-01,8.760377177160514339e-01,4.807254830495157893e-01,2.323683070642518500e-01,5.303764584254424541e-01,1.288404669605225816e+00,2.611383998122430161e-01,1.240299305611029801e-01
2.597808779750999886e+00,7.112357654174773502e-01,2.732108119185707173e-01,9.201206818368162788e-01,3.386488276530815189e-01,4.020989724355338302e-01,9.303342420992124495e-01,2.704755631317454778e-01,2.335569221517965477e-01,2.063246851809632521e+00,8.513975143001877299e-01,1.558358367893615259e+00,7.479892037923766557e-01,3.958420354920020867e-01,2.611400195723524997e-01,4.593579538693179920e-01,1.181665539080006821e+00,2.496386861558680115e-01,1.104268625329193204e-01
3.860199728554921705e+01,1.488984591711210214e+03,-6.701443937714815502e-02,6.978370533342453541e+01,1.947906211148902457e+03,-5.361685961269141432e-02,4.939008109381436640e+01,7.623062845164166674e+02,-5.989332893299814664e-02,3.219749814568097435e+01,2.073357773671799862e+02,-2.491266506986589135e-02,7.265587515651552053e+01,4.035636203783471387e+01,1.961880850779473207e+01,1.547756596556495978e+01,8.671385872960205177e+01,1.174545132472386655e+01,3.327669418599237261e+00
3.860743649666245858e+01,1.488573810291175732e+03,-6.705246531680546240e-02,6.978122035911371768e+01,1.947767485049401330e+03,-5.361390889975792273e-02,4.939313160073047726e+01,7.624004529143744548e+02,-5.990526365957662969e-02,3.219564417539714896e+01,2.073119007728138286e+02,-2.479987189833787742e-02,7.263225274459260561e+01,4.035433175802116068e+01,1.961788371321788915e+01,1.547772029744100308e+01,8.671694801206008663e+01,1.178956061932154675e+01,3.332439535099768868e+00
3.055545746629543480e+00,5.584451609079380541e-01,9.888229370447765287e-01,9.204393720630487108e-01,3.388834550421913616e-01,1.011974478445178427e+01,1.010116936376039609e+00,3.188550703605040337e-01,1.003965322029917173e+00,1.915011627326735022e+00,7.334539065577494465e-01,1.354055537322479186e+00,8.665161646672471241e-01,4.821312728738154640e-01,2.388938676569407338e-01,5.792879999073554664e-01,1.353023971006677817e+00,3.795289189351773174e-01,1.307126608805650736e-01
2.508382468453189240e+00,7.378759121069844440e-01,2.724835518778527810e-01,9.078794178351100586e-01,3.296980149314461817e-01,4.072898983783860283e-01,9.374949932169528433e-01,2.746552694703412456e-01,2.488694625986390685e-01,1.971098689140647231e+00,7.770460084650148147e-01,1.531101272354964848e+00,7.457195493159519684e-01,4.026991664233340873e-01,2.576710608361705290e-01,4.634472994797725898e-01,1.178336526978556176e+00,2.624410636141551456e-01,1.143863735857304498e-01
3.879113504575188642e+01,1.503316576359137343e+03,-6.864137933412077508e-02,6.988934052464901470e+01,1.953807967430555209e+03,-5.658532255118431387e-02,5.066595210245819914e+01,8.021995944722099239e+02,-6.112709093600372789e-02,3.205712348682481405e+01,2.055318332498018492e+02,-1.739526563276616589e-02,7.328007135826636897e+01,4.037109577939396843e+01,1.965970601159633446e+01,1.542466929757615901e+01,8.705003168562490146e+01,1.112985893189972408e+01,3.351333807715410451e+00
3.880547442164341732e+01,1.502900119605849113e+03,-6.866981739171511279e-02,6.988532366916862770e+01,1.953583385583382324e+03,-5.658079099085228103e-02,5.066722073569132334e+01,8.022397677938614606e+02,-6.113535255537919100e-02,3.206278628150042209e+01,2.056044528265574058e+02,-1.697931208111680412e-02,7.326190620481547455e+01,4.036823067174491086e+01,1.965872743847257098e+01,1.542543575247056076e+01,8.705029313080036957e+01,1.121540808182058768e+01,3.359885386632326831e+00
3.002724654279039562e+00,5.337308096112223232e-01,4.073166592798684871e-01,8.931498795192368556e-01,3.190866829001975935e-01,7.833962429813407624e+00,9.838045040620960746e-01,3.024597819406223409e-01,5.603767583864149859e-01,1.920116334552993020e+00,7.373693476414791004e-01,5.390377751760087044e-01,8.577311412594984530e-01,4.653735503266127060e-01,2.494526981940309029e-01,5.267802838017049405e-01,1.309573996109572702e+00,2.834878672598020177e-01,1.236662408311109407e-01
2.574486645859584755e+00,7.392185187014065351e-01,3.715558871165451360e-01,9.107815158778501674e-01,3.318091878445410536e-01,4.438328459195217679e-01,9.338073397171191559e-01,2.724987961582225893e-01,2.656385044610499735e-01,2.059873768355373169e+00,8.486159883111236146e-01,1.791486179295580072e+00,7.463092423134680686e-01,3.984885234393108489e-01,2.584269982797505194e-01,4.611811739962641266e-01,1.189098159949632638e+00,3.239948708691299251e-01,1.170972392487584501e-01
3.855452149172601395e+01,1.485414338834198134e+03,-6.850138742523015356e-02,6.964799547199577034e+01,1.940337309075247731e+03,-5.565226967443476225e-02,5.011818644026634928e+01,7.849476912680547684e+02,-6.015590843712406710e-02,3.254652234521530119e+01,2.118552233531713682e+02,-1.148329878709597462e-02,7.217114938644715494e+01,4.038206336371224126e+01,1.958881141169276319e+01,1.547717667496742600e+01,8.678571204774581815e+01,9.973888465842888351e+00,3.302763892878182617e+00
3.856203527838545853e+01,1.485107704770015516e+03,-6.855426507467424213e-02,6.964441254373072354e+01,1.940137679186851528e+03,-5.565534393706705885e-02,5.011834257278984239e+01,7.849525819498634291e+02,-6.015285422503278273e-02,3.255952355082281713e+01,2.120245147709928233e+02,-1.173548206301455732e-02,7.215129423347049453e+01,4.038134671662128738e+01,1.958752065514396179e+01,1.547539188693428436e+01,8.679209286442124949e+01,1.002523669872898893e+01,3.308064449009048058e+00
2.952675223265422755e+00,5.294713747045125540e-01,3.712789090490043464e-01,8.474805572265351472e-01,2.872893179433092525e-01,1.211867958504599718e+00,9.730902818413987854e-01,2.959077176918256114e-01,9.481650450760785720e-01,1.948861050984360466e+00,7.596118792084963767e-01,3.042994430724433208e+00,8.582805188376299022e-01,4.722608809526702700e-01,2.399698520354921483e-01,4.955442723645128167e-01,1.314381947685511864e+00,2.745752794763118843e-01,1.195531241438434339e-01
2.539883689281655421e+00,7.293735838990951237e-01,2.663353652330679444e-01,9.267519579572897070e-01,3.435476766160807660e-01,6.126222528448579396e-01,9.454837158034554712e-01,2.793560802590580594e-01,3.019033059928990514e-01,2.103506066711490874e+00,8.849475545364071660e-01,1.951666941081515727e+00,7.454977647195927259e-01,4.020777207900699257e-01,2.630942807502892888e-01,4.680364749668693425e-01,1.193041006901718992e+00,2.370253692834167480e-01,1.124327340298785227e-01
3.933686811630598612e+01,1.546638682906155054e+03,-6.541458059605687048e-02,7.094749224398398724e+01,2.013418661115890245e+03,-4.942266584140603269e-02,4.915030283161581082e+01,7.549225838723239121e+02,-5.768571721447286749e-02,3.264277562476939210e+01,2.131101600936727891e+02,-8.148517713575720300e-03,7.546940865867198056e+01,4.103368126923012937e+01,1.995270968590933336e+01,1.572278501958378172e+01,8.737679922423984635e+01,1.188026375603452145e+01,3.587380446010651980e+00
3.934368044325916003e+01,1.546082339125525323e+03,-6.543401374200408238e-02,7.094281477796963031e+01,2.013153186273320671e+03,-4.947308833260027905e-02,4.914930864511698871e+01,7.548920438264044606e+02,-5.770748676826231716e-02,3.263862035573993126e+01,2.130559077413192881e+02,-7.865591017842565869e-03,7.545366706344628938e+01,4.103071121754246064e+01,1.995137757143026747e+01,1.572196222429353440e+01,8.737950308020536738e+01,1.188921885560452729e+01,3.593378234618677780e+00
2.957828333715199598e+00,5.219751269758551304e-01,2.145875802475452343e-01,8.205414545367059054e-01,2.693153113665974763e-01,4.868496886102690047e-01,9.637769357781068580e-01,2.902706193487182840e-01,1.329738678229819504e+00,1.876228567598708041e+00,7.040467275746745690e-01,5.777778312489876278e-01,8.395911856321855993e-01,4.577643168579149102e-01,2.317139995982344380e-01,4.884180608635099730e-01,1.313775368159183055e+00,2.329908298023983526e-01,1.171989499487476188e-01
2.515694009016367971e+00,7.084892532256192865e-01,2.479647768216659554e-01,9.076662577785853392e-01,3.295432141597597897e-01,4.448290592676098498e-01,9.345353833542421329e-01,2.729238696065202641e-01,3.156860625078640736e-01,2.037995606069352483e+00,8.306852180715966760e-01,1.487937872745054069e+00,7.403108296241802666e-01,4.065974226530620350e-01,2.573593544622829188e-01,4.585464078530104848e-01,1.178967366734474664e+00,2.455454467129242480e-01,1.109718319627369804e-01
3.856111527399029626e+01,1.485647213356402517e+03,-6.919568991590900608e-02,6.996488453320067435e+01,1.958034027096391810e+03,-5.562104094139919130e-02,4.875633020448596966e+01,7.428686671898916529e+02,-5.826647373860654316e-02,3.224991609753713817e+01,2.080114176595075719e+02,-1.296964093307806376e-02,7.222003482552234743e+01,4.054449996402929912e+01,1.967031569256126389e+01,1.551183699519564030e+01,8.643444882478867441e+01,1.071430533461243151e+01,3.324923339238449849e+00
3.857265597759499087e+01,1.485397722721717628e+03,-6.919590954358942336e-02,6.996466304185007345e+01,1.958021629822537761e+03,-5.557565217081578135e-02,4.875851029404737602e+01,7.429351019042086364e+02,-5.824579045217422035e-02,3.226390448282482026e+01,2.081919064952284089e+02,-1.285532340286088537e-02,7.220754102017762932e+01,4.054301022531313947e+01,1.967039523865264883e+01,1.551262556097046641e+01,8.643531817508898030e+01,1.077808583475909465e+01,3.331764301919685423e+00
2.990279376475774686e+00,5.223028351461028729e-01,3.132633318225812036e-01,8.316912593447517432e-01,2.766841402149524676e-01,6.297162532597202489e-01,9.809121442110187994e-01,3.006839483306323335e-01,1.378096390296330798e+00,1.865235141673369457e+00,6.958204267464450643e-01,2.338280005836291142e+00,8.570429803355301690e-01,4.655140908932774435e-01,2.349923674518472061e-01,4.987302326135733543e-01,1.295160941234469565e+00,2.559633003477073676e-01,1.198960013340787528e-01
2.570757060394407656e+00,7.296296328809961373e-01,2.901638169042632942e-01,9.174773940241988113e-01,3.367059073857130991e-01,4.847714570006170787e-01,9.489219028807813761e-01,2.813914930516402402e-01,4.884044823146855285e-01,2.046830796351703619e+00,8.379032617781992931e-01,1.817247236039080782e+00,7.336917980956821905e-01,4.007249404609493637e-01,2.610691197101663863e-01,4.655942775592376015e-01,1.183841186422353253e+00,2.711160793922445800e-01,1.132026931129764269e-01
3.920333288444433606e+01,1.535651716135526158e+03,-6.509766999440752544e-02,7.040634356813659167e+01,1.982821285849987134e+03,-5.175656283939256141e-02,5.082096500980672715e+01,8.071157764111328561e+02,-6.303656128239354395e-02,3.254857490501162687e+01,2.118819456683638407e+02,-8.828618007665656187e-03,7.339040007067548288e+01,4.053908387771645039e+01,1.981695055125140570e+01,1.559666436159192493e+01,8.745201466672290280e+01,1.112855543000230796e+01,3.554119183864310028e+00
3.920570331989023316e+01,1.534849234201120680e+03,-6.518959941705880501e-02,7.039946701433056830e+01,1.982433982357792274e+03,-5.171613404365987821e-02,5.082768071175022584e+01,8.073291020381826684e+02,-6.306195648528079012e-02,3.254402341090500528e+01,2.118226919527122334e+02,-8.064249613211393886e-03,7.336410904576612779e+01,4.053395782360178146e+01,1.981491472279499888e+01,1.559961531295997084e+01,8.745542002694925543e+01,1.113701656610911428e+01,3.557486157628301005e+00
2.949788129056827302e+00,5.215066095249039080e-01,3.447589746136205391e-01,8.390413943729706503e-01,2.815961845796731700e-01,8.411371112110903603e-01,1.002381747278853874e+00,3.139903647724020530e-01,1.453763959395480088e+00,1.897535931153495392e+00,7.201285220036941492e-01,7.901504770548806178e-01,8.678770674696516529e-01,4.651093591618568057e-01,2.362792475826901717e-01,5.177341955150035480e-01,1.292613700299478197e+00,2.859470649091544470e-01,1.209900815517054862e-01
2.528351373984122130e+00,7.253469547481017354e-01,2.854094151741590757e-01,9.111656754036985273e-01,3.320891552127929747e-01,7.213199905088052422e-01,9.544318795348331053e-01,2.846688164590309156e-01,3.102421976869365050e-01,2.073707788910228889e+00,8.600527987573652888e-01,1.859837148770247417e+00,7.583866774345234818e-01,4.083178795055947830e-01,2.596614691505770844e-01,4.683521114614803138e-01,1.185887731845725046e+00,2.619490448287834505e-01,1.133019142931521728e-01
4.015349742873468841e+01,1.612141446511475124e+03,-6.069133617699418171e-02,7.120322788024347460e+01,2.027959864085450363e+03,-4.934511285294590488e-02,5.079853576772134005e+01,8.064035112720405323e+02,-5.993504493524914878e-02,3.247159590983273603e+01,2.108809081858432819e+02,-1.097182545622943373e-02,7.897343723519475134e+01,4.136538021915588104e+01,2.002381040347060548e+01,1.576946088371731314e+01,8.768340655587519450e+01,1.362355709012497584e+01,3.934155323574371810e+00
4.014729485940848974e+01,1.611066873935664489e+03,-6.070319909398416008e-02,7.119589394221640077e+01,2.027542125547061232e+03,-4.938674984226093523e-02,5.080450578531025485e+01,8.065930650045838775e+02,-5.993665739075937360e-02,3.248492625753796403e+01,2.110540867911132636e+02,-1.113866162210208621e-02,7.894628694220206455e+01,4.136070798134275606e+01,2.002176141920211094e+01,1.576990620058229098e+01,8.768883661293796195e+01,1.360045490334808704e+01,3.935592888814951618e+00
2.864897783285441868e+00,5.478674757565594744e-01,2.831313932315713822e-01,8.348648043374778949e-01,2.787996966021785705e-01,6.207720111886949610e-01,1.001925482742479723e+00,3.137045852946895308e-01,2.278433414241513244e+00,1.922988748673293946e+00,7.395771454987568605e-01,5.636945356039759769e-01,8.539608448321542866e-01,4.555425335243414864e-01,2.348748405737553502e-01,5.156768209645300471e-01,1.326802157180328345e+00,2.888338752569724055e-01,1.185953566835365736e-01
2.566016822440786438e+00,7.408800219571951562e-01,2.758839902288039991e-01,9.256911692140300518e-01,3.427616563041563924e-01,6.069416351813526900e-01,9.601903235035096351e-01,2.881142054216950243e-01,3.368654166058878130e-01,2.015509211938007805e+00,8.124554766810431206e-01,1.497172162865530787e+00,7.422272400841921636e-01,4.169503969972268020e-01,2.632643553045374563e-01,4.685721550664987967e-01,1.186611324685887148e+00,2.688039310639149249e-01,1.167930114816233544e-01
3.860581735130324432e+01,1.489324168716745362e+03,-6.876140411766942795e-02,6.980976683820027517e+01,1.949361417814444621e+03,-5.394497780652618424e-02,4.974766475809389021e+01,7.733844215109091920e+02,-5.791076776559616474e-02,3.200684048647425328e+01,2.048875675852027598e+02,-1.875129817065213089e-02,7.207325959219915035e+01,4.039134043416380138e+01,1.963795562254480842e+01,1.546889385747537737e+01,8.682956380417628850e+01,1.105276648582062116e+01,3.278682261940732090e+00
3.861906082475059065e+01,1.488935789892478851e+03,-6.880438958669662930e-02,6.981516024617845062e+01,1.949662639481928181e+03,-5.398405719109800049e-02,4.975567160347956275e+01,7.736333927074706480e+02,-5.789101674706498279e-02,3.200742593926012347e+01,2.048950630513280942e+02,-1.849063371798820299e-02,7.206261001373624708e+01,4.038990534214423178e+01,1.963975992299007345e+01,1.547101736375972436e+01,8.682907387089558426e+01,1.112308290964793045e+01,3.286967311848081330e+00
3.032859923210801334e+00,5.335154707802931551e-01,2.417257727986414639e-01,8.347423400654458980e-01,2.787179096936537315e-01,5.085961623816676047e-01,9.718470154969727215e-01,2.951520692257488254e-01,4.389571534194904867e-01,1.895902158328969467e+00,7.188889987853110952e-01,7.351961932379769138e-01,8.615938632522534002e-01,4.660664644092029629e-01,2.348588444322809166e-01,4.953556025302297550e-01,1.304180893919254070e+00,2.283213782320895335e-01,1.201130390255192165e-01
2.617782072673353166e+00,7.426566008792002682e-01,2.697672387243130743e-01,9.169921469641344469e-01,3.363498390362584245e-01,5.275701265697677611e-01,9.544524470681601258e-01,2.846810855333086754e-01,2.669160716575085246e-01,2.053949209330170333e+00,8.437414709009125602e-01,1.484550077759692943e+00,7.431866961527815452e-01,4.013498343300322402e-01,2.607474598958936518e-01,4.672685864826319202e-01,1.184474365391713357e+00,2.816721921426512121e-01,1.131462422858477423e-01
3.881230918975542465e+01,1.504602071899024395e+03,-6.564056255043553001e-02,6.983140403354919101e+01,1.950569993375885133e+03,-5.512697055971338411e-02,4.792128502107156152e+01,7.176404868943056954e+02,-5.501829129756985459e-02,3.236327571060851938e+01,2.094763229434786638e+02,-1.027032225155333212e-02,7.277763069339717106e+01,4.045157983268484259e+01,1.965019636269080294e+01,1.551480966009551388e+01,8.632710365107239170e+01,1.111063246906897461e+01,3.513096471560599454e+00
3.882735815708427651e+01,1.504070921588236160e+03,-6.567565121947271933e-02,6.982005429492521387e+01,1.949935990369209549e+03,-5.512672662523160350e-02,4.792475312800207377e+01,7.177443632409967904e+02,-5.507040648556449369e-02,3.237084245216323097e+01,2.095742882119259036e+02,-1.047805329976736477e-02,7.276013990522082509e+01,4.044856620594139684e+01,1.964713479436949939e+01,1.551108684363441270e+01,8.633392610399569378e+01,1.116125121147689647e+01,3.520949624211727080e+00
2.993225016840158403e+00,5.262019004872708905e-01,2.370590297983103667e-01,8.235125558593412443e-01,2.712691718482933001e-01,4.380926493108910913e-01,9.878746903679885838e-01,3.049676262092327339e-01,7.795632890680489480e-01,1.855100819526254385e+00,6.882798101181412109e-01,4.751334426626083740e-01,8.688834664825224596e-01,4.534502248938128699e-01,2.312760357510017240e-01,5.054054153845866093e-01,1.292191211789346594e+00,2.625952719056294793e-01,1.197520803098536396e-01
2.557500096592316474e+00,7.374836585700246250e-01,3.149802913128752491e-01,9.119653037839129395e-01,3.326722860950201976e-01,5.524824030287036614e-01,9.572508221387860949e-01,2.863528551484609830e-01,3.805350907266196181e-01,2.029239797363789677e+00,8.235628310371604366e-01,1.599811303613085656e+00,7.284091387786558736e-01,4.013853149084500860e-01,2.595964138553434331e-01,4.663716897324667876e-01,1.182890035359745351e+00,2.689493699653935366e-01,1.134912994961150001e-01
3.975528755499708922e+01,1.579239094567644315e+03,-6.149075228022701789e-02,7.118516419129133510e+01,2.026931038641526129e+03,-4.925571360141611787e-02,5.030788316569125129e+01,7.909009714414796690e+02,-5.969938554420380072e-02,3.229698516963490817e+01,2.086190502095220438e+02,-1.072862330928814334e-02,7.707155442191107397e+01,4.111995651771438531e+01,2.002835694160632940e+01,1.566213049233699550e+01,8.769817477857964150e+01,1.285077436339936696e+01,3.778867493404046485e+00
3.975860932635935541e+01,1.578481822934951651e+03,-6.158724757775805442e-02,7.117685906739438906e+01,2.026458104943269745e+03,-4.924111145486703700e-02,5.031386923503035291e+01,7.910891991873919551e+02,-5.969828883767971939e-02,3.228866856105568672e+01,2.085116234891396516e+02,-1.104469633769211701e-02,7.704511083165567698e+01,4.111246993165251240e+01,2.002600500303723763e+01,1.566373202890278549e+01,8.770213572449284811e+01,1.286817031500033437e+01,3.781307752043751691e+00
3.030029901168456608e+00,5.450564434369850053e-01,2.245801631046013824e-01,8.344611381067689182e-01,2.785301563984227124e-01,4.921240611995665315e-01,9.691269495794736510e-01,2.935022013753160186e-01,5.085217476680234938e-01,1.898391238024037087e+00,7.207778585176372044e-01,1.064958379935162736e+00,8.808735820449009601e-01,4.687127952170531686e-01,2.330330038475631749e-01,5.031803684708370250e-01,1.315226392153648671e+00,2.669960738684192258e-01,1.208250237336134375e-01
2.590222419186780201e+00,7.270845402102624755e-01,2.970242788767001318e-01,9.148455418798712158e-01,3.347769461236371757e-01,3.778863264044499681e-01,9.545461684093456967e-01,2.847369961242130487e-01,3.452237877167146363e-01,2.061476148518155416e+00,8.499367821804264533e-01,1.874759567711140384e+00,7.485045880836185272e-01,4.139542569671882943e-01,2.599657564638225282e-01,4.670709365091991749e-01,1.196045384602426598e+00,2.712750930815837069e-01,1.153357868835037381e-01
3.857168422630520155e+01,1.486710432768977398e+03,-6.847174350959818467e-02,6.967677090679308094e+01,1.941940961578965471e+03,-5.377384973360282983e-02,4.908233784123833487e+01,7.528362149865305355e+02,-5.821117470971950980e-02,3.221170916497504066e+01,2.075188414657704357e+02,-1.614333823803448809e-02,7.192296297276425321e+01,4.009574799667331746e+01,1.958822073442971856e+01,1.557778347581504086e+01,8.661650045991486024e+01,1.103780169325162142e+01,3.326569475666875331e+00
3.857593152343046938e+01,1.486152283853871495e+03,-6.850794433658434490e-02,6.967685142797625986e+01,1.941945449948458645e+03,-5.374296537898792803e-02,4.908576777216696030e+01,7.529414368058999116e+02,-5.823730817118253494e-02,3.221759641823226872e+01,2.075947037936071808e+02,-1.580699026201781709e-02,7.190831034970334201e+01,4.009218866229014111e+01,1.958819971927515624e+01,1.558020301991197520e+01,8.661788097001391407e+01,1.107642205486827613e+01,3.329939594998061470e+00
2.964415367602094786e+00,5.373162039213245089e-01,2.443249124051235788e-01,8.436756433972198987e-01,2.847154365014962218e-01,5.120411138958925745e-01,9.861429559532939315e-01,3.038993529913630032e-01,6.312494787480196212e-01,1.892256566950107466e+00,7.161269830327853247e-01,5.390175599093589565e-01,8.917913334064908604e-01,4.634766175066590277e-01,2.366249557276713100e-01,5.102749933425977380e-01,1.314779929271408188e+00,2.518183590324927779e-01,1.220659153942179748e-01
2.571488869868606475e+00,7.859560500162768859e-01,3.692455466281159837e-01,9.146986248308720535e-01,3.346694296933244162e-01,5.257746629165341856e-01,9.587646631234412187e-01,2.872592747653108791e-01,3.937058185206336325e-01,2.160345144711031562e+00,9.334182288553032336e-01,2.110442537297614773e+00,7.758726638460841096e-01,4.075953899450950879e-01,2.601465581977482344e-01,4.702746315202370742e-01,1.220597743561404380e+00,3.385845705299600494e-01,1.230419864291551618e-01
3.877859051831191550e+01,1.502753259037519229e+03,-6.709545624575768974e-02,7.002867515167538670e+01,1.961606136307068482e+03,-5.533853667690191713e-02,4.844973100731913718e+01,7.335551358367609964e+02,-5.666059685158778003e-02,3.225073782607920947e+01,2.080220180652678437e+02,-1.558088991419082081e-02,7.311457323839989897e+01,4.030577832965336427e+01,1.969681930641744216e+01,1.549516129111960261e+01,8.652492941736387877e+01,1.117746864086589120e+01,3.428916921407132001e+00
3.878183869291079588e+01,1.502199064394471861e+03,-6.719548279915781019e-02,7.002301054712039274e+01,1.961288801364249366e+03,-5.531005823601065075e-02,4.845378233448018079e+01,7.336778195352136436e+02,-5.666752814483815709e-02,3.225060724541103241e+01,2.080203335395111992e+02,-1.600245480032913559e-02,7.309759405961936807e+01,4.030037486116486889e+01,1.969533777163575294e+01,1.549457193769103647e+01,8.653222346033659562e+01,1.119725560691081689e+01,3.431860911785364898e+00
2.969038630822227187e+00,5.440764449740109754e-01,3.564385076448214340e-01,8.418973471697163147e-01,2.835164572591689636e-01,5.540899110517299997e-01,1.004863785971100043e+00,3.155472588612936446e-01,9.873444366290611285e-01,1.953897332413630394e+00,7.635429571173920626e-01,1.554465502437392121e+00,8.737698781323226527e-01,4.666202305444128728e-01,2.365753260535743696e-01,5.176139311429495127e-01,1.336893584461748219e+00,2.736706257780733287e-01,1.222148059642096385e-01
2.512897253559359889e+00,7.379873275971382540e-01,2.680089304557825014e-01,9.333298290101224026e-01,3.484418278701770233e-01,4.240132076971024899e-01,9.653027812839198862e-01,2.911904561107655498e-01,3.790995218138731859e-01,2.095412517417845955e+00,8.781507236301621111e-01,1.611076437023029939e+00,7.666774060144617708e-01,4.115747209901526316e-01,2.654062133483858221e-01,4.744829655636291221e-01,1.206941542316715799e+00,2.571710609756627242e-01,1.155995526573487114e-01
3.867882752552445424e+01,1.495155906787730373e+03,-6.707656743045389836e-02,6.988870335610940288e+01,1.953772342001620245e+03,-5.612104152072661112e-02,4.826133886696022302e+01,7.278615091347336374e+02,-5.704969902567667145e-02,3.234814182282193684e+01,2.092804558762858846e+02,-9.417895999254688455e-03,7.245676613366998708e+01,4.042634876158405888e+01,1.965490153465504974e+01,1.553293431092249222e+01,8.643678026575352646e+01,1.165765793043835430e+01,3.346138449156058847e+00
3.868629860774754547e+01,1.494675510084871803e+03,-6.713091098011192415e-02,6.988233735082535247e+01,1.953416428707799014e+03,-5.608000436454119164e-02,4.826308259350184215e+01,7.279141066958032980e+02,-5.706144940646411950e-02,3.234897693053354573e+01,2.092912616888581567e+02,-9.077398571860406662e-03,7.244638046617113503e+01,4.042248765705658542e+01,1.965310953254493143e+01,1.553435936531634098e+01,8.644293470834632842e+01,1.171478047668484912e+01,3.349982228239495097e+00
2.945437524980575095e+00,5.406293737494142215e-01,3.253719938537766865e-01,8.377947686099748159e-01,2.807600297170364523e-01,5.966048582970973069e-01,1.016937429777228008e+00,3.231755425243513780e-01,1.731093944954342323e+00,1.948622625949896880e+00,7.594260276727741177e-01,8.192200586657041317e-01,8.735937527358119681e-01,4.567464160580074206e-01,2.349467069458127388e-01,5.221572696701275440e-01,1.335402511984435936e+00,2.608175135452287519e-01,1.221956303560001733e-01
2.479301575154444937e+00,7.562062107933366084e-01,2.642438967411220307e-01,9.132652418964538610e-01,3.336213608138113296e-01,4.148888527274735560e-01,9.643765327066288195e-01,2.906319052609054321e-01,3.158222132224208223e-01,2.028756162405747965e+00,8.231703132998505756e-01,1.757949942146441291e+00,7.568158905135170533e-01,4.045477978090912252e-01,2.601497020786341374e-01,4.768277139927458719e-01,1.184585398799093747e+00,2.753646677406749732e-01,1.154283018187844123e-01
3.853622033562671589e+01,1.484018812053020838e+03,-6.798556850034555288e-02,6.998064097726192756e+01,1.958916044623573043e+03,-5.520008476394094865e-02,4.957814966226292341e+01,7.681227887166344317e+02,-5.940270160811231964e-02,3.228928671420769803e+01,2.085196072995805991e+02,-1.570083649127484993e-02,7.207152307289896953e+01,4.044462778664421165e+01,1.967997290803458554e+01,1.550109714462173294e+01,8.648639565271864171e+01,1.079450365903054454e+01,3.328635724417270847e+00
3.854633668222832910e+01,1.483774251991841766e+03,-6.802340924948520329e-02,6.997730821124720535e+01,1.958729465786083665e+03,-5.516155396321437143e-02,4.958227057918202263e+01,7.682504861707869850e+02,-5.941038297118766270e-02,3.227129962563530796e+01,2.082873559024148449e+02,-1.586275101838852120e-02,7.206374999251990232e+01,4.044229561711777876e+01,1.967897411437630595e+01,1.550193305870742755e+01,8.648840235800720677e+01,1.084734472139704309e+01,3.335871822457707747e+00
2.898492167380299467e+00,5.373886881293468143e-01,2.668868151857307081e-01,8.330169842636652167e-01,2.775669184256278066e-01,5.732617107501317699e-01,9.982318167984991497e-01,3.113958625158612104e-01,1.347448954916504960e+00,1.884898529110847099e+00,7.105684930085106599e-01,5.553390503753821150e-01,8.875639689359047235e-01,4.644304614937195819e-01,2.340082290549070076e-01,5.106336427974448311e-01,1.300639855389587485e+00,2.588275294792205528e-01,1.238168881372584268e-01
2.632304044705866097e+00,7.544240261265785508e-01,3.165572358104130068e-01,9.130257126246447141e-01,3.334463805390736058e-01,4.435153431438008109e-01,9.663732284211682400e-01,2.918366301903462245e-01,4.829724943091167066e-01,2.077399322556996886e+00,8.631175890710595100e-01,1.647823369872208232e+00,7.597325841694146931e-01,4.008108573199511970e-01,2.604935411432802717e-01,4.757972864252615897e-01,1.192741805201663619e+00,2.827147517418908684e-01,1.187240360449212245e-01
3.883630040415292939e+01,1.507225494586336936e+03,-6.464878478097235703e-02,6.980304632820740096e+01,1.948986110677508805e+03,-5.547296357293474145e-02,4.786515770022618455e+01,7.159604130197108134e+02,-5.691385483125399602e-02,3.262590052843437860e+01,2.128898770571305477e+02,-7.636442754848760117e-03,7.367032038878411981e+01,4.041777567983429265e+01,1.963548769988441478e+01,1.550820417482347935e+01,8.631654917565444407e+01,1.208075536636591529e+01,3.475743677063976911e+00
3.884259558234897014e+01,1.506636699845657176e+03,-6.468808021624065929e-02,6.979987127269350822e+01,1.948808811871117086e+03,-5.550516157328094780e-02,4.786416247006053482e+01,7.159306402987117508e+02,-5.691729848306406603e-02,3.263128613162137981e+01,2.129601669197272145e+02,-7.589242465494638878e-03,7.365380706061948501e+01,4.041364652955472536e+01,1.963465302566593707e+01,1.550624848149292312e+01,8.631998983134424464e+01,1.211666513116954924e+01,3.479991238110164975e+00
